job,configuration_id,quantization,workload,concurrency,repetition,status,valid_result,invalid_reasons,input_tokens,output_tokens_requested,output_tokens_per_s,request_throughput_per_s,engine_generation_tokens_delta,ttft_ms_p50,ttft_ms_p95,tpot_ms_p50,tpot_ms_p95,itl_ms_p50,itl_ms_p95,e2e_s_p50,e2e_s_p95,meets_slo,kv_cache_usage_p50,kv_cache_usage_p95,kv_cache_usage_max,num_preemptions_delta,recomputed_tokens_delta,preemption_nonzero_samples,preemption_sample_count,num_waiting_reqs_mean,num_waiting_reqs_max,num_running_reqs_mean,prefix_cache_queries_delta,prefix_cache_hits_delta,gpu_util_mean_pct,gpu_mem_used_mib_max,gpu_power_w_mean,sm_clock_mhz_mean,mem_clock_mhz_mean,gpu_temp_c_max,pcie_gen_mode,cell_num_preemptions_delta,cell_recomputed_tokens_delta,cell_kv_cache_usage_max,cell_preemption_nonzero_samples,telemetry_sample_count,chunk_token_agreement,period_estimate_s,periods_in_window,oscillation_amplitude_rel,client_tokens_between_window_samples,window_sample_span_s,kv_cache_tokens,window_seconds,window_completed_requests,window_streamed_tokens,error_count,total_requests_issued,cell_wall_seconds,weight_bytes_gb,model_path,serving_backend,corpus_version,prompt_set_hash,slo_tpot_ms,started_at,finished_at,gpu_uuid,gpu_name,driver,dispatch_ok,prefix_caching_logged,gate_fired,warmup_truncated
P1,BF16_REFERENCE,BF16,DECODE_PRIMARY,1,1,OK,True,,512,2048,36.03,0.0147,9397.0,88.37654103990644,88.68785379454494,27.71171393425945,27.714824980569794,27.707648114301264,28.011283092200756,56.81444133108016,56.82067131412914,True,0.03796561604584525,0.05608882521489968,0.05694842406876788,0.0,0.0,0,26,0.0,0.0,1.0,0.0,0.0,100.0,22525.0,145.0,1761.81,13365.0,84.0,4.0,0.0,0.0,0.05694842406876788,0,46,True,56.8,4.78,0.0305,,,44688,271.41,4,9780,0,9,452.21,16.1,/home/sathvik/.cache/huggingface/hub/models--NousResearch--Meta-Llama-3.1-8B-Instruct/snapshots/d10aef7999a2b5ba950ab3974312feeedbfe0b77,vLLM 0.19.1,c4-en-validation-shard0-v1,2681c604332813f2e893b252bc512efaac15316874d22352917492e5a40b130f,50.0,2026-08-23T16:40:56-0400,2026-08-23T16:48:29-0400,GPU-fdc11a18-6edb-7e2f-82b2-6bd0b9ed714d,NVIDIA RTX PRO 4000 Blackwell,575.64.03,True,False,True,False
P1,BF16_REFERENCE,BF16,DECODE_PRIMARY,8,1,OK,True,,512,2048,268.3,0.1158,70072.0,476.3474609935656,665.1876088930294,29.507740899662494,29.56472329139522,29.420049977488816,30.997610150370747,60.881188605562784,60.88634968092665,True,0.31232091690544417,0.4392908309455587,0.44412607449856734,0.0,0.0,0,26,0.0,0.0,8.0,0.0,0.0,100.0,22525.0,144.99,1953.63,13365.0,84.0,4.0,0.0,0.0,0.45558739255014324,0,49,True,60.9,4.54,0.0797,,,44688,276.43,32,74165,0,72,487.23,16.1,/home/sathvik/.cache/huggingface/hub/models--NousResearch--Meta-Llama-3.1-8B-Instruct/snapshots/d10aef7999a2b5ba950ab3974312feeedbfe0b77,vLLM 0.19.1,c4-en-validation-shard0-v1,2681c604332813f2e893b252bc512efaac15316874d22352917492e5a40b130f,50.0,2026-08-23T16:48:29-0400,2026-08-23T16:56:36-0400,GPU-fdc11a18-6edb-7e2f-82b2-6bd0b9ed714d,NVIDIA RTX PRO 4000 Blackwell,575.64.03,True,False,True,False
P1,BF16_REFERENCE,BF16,DECODE_PRIMARY,12,1,OK,True,,512,2048,381.39,0.1582,111024.0,606.5776910400018,744.0044106915593,31.06901059401484,31.276393805351383,30.885396641679108,33.44279818702489,64.20757492503617,64.21233655761462,True,0.4469914040114613,0.6498567335243552,0.671919770773639,0.0,0.0,0,29,0.0,0.0,11.97,0.0,0.0,100.0,22525.0,145.0,1886.23,13365.0,84.0,4.0,0.0,0.0,0.6747851002865329,0,52,True,63.2,4.8,0.218,,,44688,303.44,48,115730,0,108,514.24,16.1,/home/sathvik/.cache/huggingface/hub/models--NousResearch--Meta-Llama-3.1-8B-Instruct/snapshots/d10aef7999a2b5ba950ab3974312feeedbfe0b77,vLLM 0.19.1,c4-en-validation-shard0-v1,2681c604332813f2e893b252bc512efaac15316874d22352917492e5a40b130f,50.0,2026-08-23T16:56:38-0400,2026-08-23T17:05:12-0400,GPU-fdc11a18-6edb-7e2f-82b2-6bd0b9ed714d,NVIDIA RTX PRO 4000 Blackwell,575.64.03,True,False,True,False
P1,FP8_PRIMARY,FP8,DECODE_PRIMARY,1,1,OK,True,,512,2048,66.01,0.0287,7958.0,51.72995547764003,52.02700532972813,15.115624048854496,15.116565063166735,15.113592031411827,15.398441045545042,30.99351199704688,30.995271305867938,True,0.015040052313225472,0.02259277423573649,0.02288703612882137,0.0,0.0,0,12,0.0,0.0,1.0,0.0,0.0,100.0,22485.0,145.0,2055.46,13365.0,84.0,4.0,0.0,0.0,0.02582965505966972,0,31,True,31.0,4.49,0.0148,,,97888,139.2,4,9189,0,11,309.96,9.12,/home/sathvik/llm_quantization_threshold/checkpoints/llama31-8b-instruct-FP8_DYNAMIC,vLLM 0.19.1,c4-en-validation-shard0-v1,2681c604332813f2e893b252bc512efaac15316874d22352917492e5a40b130f,50.0,2026-08-23T17:05:35-0400,2026-08-23T17:10:45-0400,GPU-fdc11a18-6edb-7e2f-82b2-6bd0b9ed714d,NVIDIA RTX PRO 4000 Blackwell,575.64.03,True,False,True,False
P1,FP8_PRIMARY,FP8,DECODE_PRIMARY,8,1,OK,True,,512,2048,449.95,0.1937,67976.0,279.10037140827626,341.6948773432523,17.55227683969415,17.641398088641886,17.508644494228065,19.08733882009983,36.20898388256319,36.210666562034746,True,0.14124570868072583,0.20148765734837334,0.20908942291973187,0.0,0.0,0,15,0.0,0.0,8.0,0.0,0.0,100.0,22485.0,145.0,1980.75,13365.0,84.0,4.0,0.0,0.0,0.20908942291973187,0,33,True,36.2,4.56,0.1482,,,97888,165.25,32,74353,0,80,325.99,9.12,/home/sathvik/llm_quantization_threshold/checkpoints/llama31-8b-instruct-FP8_DYNAMIC,vLLM 0.19.1,c4-en-validation-shard0-v1,2681c604332813f2e893b252bc512efaac15316874d22352917492e5a40b130f,50.0,2026-08-23T17:10:47-0400,2026-08-23T17:16:13-0400,GPU-fdc11a18-6edb-7e2f-82b2-6bd0b9ed714d,NVIDIA RTX PRO 4000 Blackwell,575.64.03,True,False,True,False
P1,FP8_PRIMARY,FP8,DECODE_PRIMARY,12,1,OK,True,,512,2048,617.89,0.2598,105720.0,348.2659358996898,423.1169298174791,19.10821970514216,19.223086822908336,18.997370614670217,21.566122595686466,39.46268492098898,39.504036116867795,True,0.2193885891777015,0.2889651790093183,0.29230014713094654,0.0,0.0,0,17,0.0,0.0,12.0,0.0,0.0,100.0,22485.0,145.0,1958.06,13365.0,83.0,4.0,0.0,0.0,0.29230014713094654,0,36,True,39.9,4.63,0.2394,,,97888,184.78,48,114172,0,120,355.52,9.12,/home/sathvik/llm_quantization_threshold/checkpoints/llama31-8b-instruct-FP8_DYNAMIC,vLLM 0.19.1,c4-en-validation-shard0-v1,2681c604332813f2e893b252bc512efaac15316874d22352917492e5a40b130f,50.0,2026-08-23T17:16:15-0400,2026-08-23T17:22:11-0400,GPU-fdc11a18-6edb-7e2f-82b2-6bd0b9ed714d,NVIDIA RTX PRO 4000 Blackwell,575.64.03,True,False,True,False
P3,FP8_PRIMARY,FP8,DECODE_PRIMARY,24,1,OK,True,,512,2048,1001.0,0.4417,202915.0,449.3217410054058,514.8010273114778,23.436608323467958,23.52868428935047,23.092969902791083,27.95070594875142,48.424444580916315,48.45716419426026,True,0.4315841098577734,0.6042177538008828,0.6199117214320746,0.0,0.0,0,20,0.0,0.0,23.71,0.0,0.0,100.0,22485.0,145.0,1870.48,13365.0,86.0,4.0,0.0,0.0,0.6199117214320746,0,39,True,49.4,4.4,0.343,,,97888,217.34,96,217562,0,216,388.1,9.12,/home/sathvik/llm_quantization_threshold/checkpoints/llama31-8b-instruct-FP8_DYNAMIC,vLLM 0.19.1,c4-en-validation-shard0-v1,2681c604332813f2e893b252bc512efaac15316874d22352917492e5a40b130f,50.0,2026-08-23T17:22:13-0400,2026-08-23T17:28:41-0400,GPU-fdc11a18-6edb-7e2f-82b2-6bd0b9ed714d,NVIDIA RTX PRO 4000 Blackwell,575.64.03,True,False,True,False
P1,FP4_PRIMARY,FP4,DECODE_PRIMARY,1,1,OK,True,,512,2048,88.03,0.0333,9719.0,30.192672042176127,30.225362058263272,11.353891580315551,11.36116272613245,11.363503523170948,11.642924742773175,23.271481446921825,23.286484187515452,True,0.01231358598987553,0.019688055821589813,0.01983855520591049,0.0,0.0,0,11,0.0,0.0,1.0,0.0,0.0,99.67,22059.0,145.0,1902.33,13365.0,84.0,4.0,0.0,0.0,0.021343549049117505,0,28,True,23.3,5.16,0.0259,,,116960,120.15,4,10577,0,12,270.86,6.07,/home/sathvik/llm_quantization_threshold/checkpoints/llama31-8b-instruct-NVFP4,vLLM 0.19.1,c4-en-validation-shard0-v1,2681c604332813f2e893b252bc512efaac15316874d22352917492e5a40b130f,50.0,2026-08-23T18:54:44-0400,2026-08-23T18:59:15-0400,GPU-fdc11a18-6edb-7e2f-82b2-6bd0b9ed714d,NVIDIA RTX PRO 4000 Blackwell,575.64.03,True,False,True,False
P1,FP4_PRIMARY,FP4,DECODE_PRIMARY,8,1,OK,True,,512,2048,566.85,0.2536,63224.0,170.1796604320407,207.58082624524832,13.927768981862226,13.978340168088643,13.90132401138544,15.487155877053738,28.681501042563468,28.685195832303727,True,0.11602134354904914,0.17211656861403746,0.17512655630045149,0.0,0.0,0,11,0.0,0.0,8.0,0.0,0.0,99.5,22059.0,145.0,1890.5,13365.0,84.0,4.0,0.0,0.0,0.17512655630045149,0,29,True,28.8,4.39,0.1165,,,116960,126.19,32,71528,0,88,286.93,6.07,/home/sathvik/llm_quantization_threshold/checkpoints/llama31-8b-instruct-NVFP4,vLLM 0.19.1,c4-en-validation-shard0-v1,2681c604332813f2e893b252bc512efaac15316874d22352917492e5a40b130f,50.0,2026-08-23T18:59:15-0400,2026-08-23T19:04:02-0400,GPU-fdc11a18-6edb-7e2f-82b2-6bd0b9ed714d,NVIDIA RTX PRO 4000 Blackwell,575.64.03,True,False,True,False
P1,FP4_PRIMARY,FP4,DECODE_PRIMARY,12,1,OK,True,,512,2048,763.95,0.3249,100464.0,215.15098260715604,258.4006743156351,15.446256664201698,15.502652647805187,15.380856581032276,17.965397972147912,31.830616822466254,31.86717378628673,True,0.18661923655766866,0.256286769735942,0.2626898344506773,0.0,0.0,0,13,0.0,0.0,12.0,0.0,0.0,99.86,22059.0,145.0,1883.14,13365.0,84.0,4.0,0.0,0.0,0.2626898344506773,0,32,True,31.6,4.67,0.2217,,,116960,147.72,48,112848,0,132,318.47,6.07,/home/sathvik/llm_quantization_threshold/checkpoints/llama31-8b-instruct-NVFP4,vLLM 0.19.1,c4-en-validation-shard0-v1,2681c604332813f2e893b252bc512efaac15316874d22352917492e5a40b130f,50.0,2026-08-23T19:04:02-0400,2026-08-23T19:09:21-0400,GPU-fdc11a18-6edb-7e2f-82b2-6bd0b9ed714d,NVIDIA RTX PRO 4000 Blackwell,575.64.03,True,False,True,False
P3,FP4_PRIMARY,FP4,DECODE_PRIMARY,24,1,OK,True,,512,2048,1187.42,0.5431,193965.0,277.66984899062663,301.91265291068703,19.787193490449354,19.8398289851297,19.635368487797678,24.433858052361757,40.786010630545206,40.797759552602656,True,0.387467505814749,0.49714051169790674,0.5023943083869202,0.0,0.0,0,16,0.0,0.0,24.0,0.0,0.0,100.0,22059.0,145.0,1854.53,13365.0,84.0,4.0,0.0,0.0,0.522096045970721,0,37,True,41.7,4.24,0.2968,,,116960,176.77,96,209903,0,240,367.55,6.07,/home/sathvik/llm_quantization_threshold/checkpoints/llama31-8b-instruct-NVFP4,vLLM 0.19.1,c4-en-validation-shard0-v1,2681c604332813f2e893b252bc512efaac15316874d22352917492e5a40b130f,50.0,2026-08-23T19:09:21-0400,2026-08-23T19:15:28-0400,GPU-fdc11a18-6edb-7e2f-82b2-6bd0b9ed714d,NVIDIA RTX PRO 4000 Blackwell,575.64.03,True,False,True,False
P1,FP8_PRIMARY,FP8,DECODE_PRIMARY,1,2,OK,True,,512,2048,66.03,0.0288,7962.0,51.72136798501015,51.79819808108732,15.109789825845773,15.111929139992043,15.103534678928554,15.400286670774221,30.98150238452945,30.985682675312272,True,0.015040052313225472,0.0226581657675331,0.023050514958312895,0.0,0.0,0,12,0.0,0.0,1.0,0.0,0.0,100.0,22485.0,145.0,2064.46,13365.0,84.0,4.0,0.0,0.0,0.02582965505966972,0,31,True,31.0,4.48,0.0149,,,97888,138.7,4,9158,0,11,309.45,9.12,/home/sathvik/llm_quantization_threshold/checkpoints/llama31-8b-instruct-FP8_DYNAMIC,vLLM 0.19.1,c4-en-validation-shard0-v1,2681c604332813f2e893b252bc512efaac15316874d22352917492e5a40b130f,50.0,2026-08-23T19:15:56-0400,2026-08-23T19:21:05-0400,GPU-fdc11a18-6edb-7e2f-82b2-6bd0b9ed714d,NVIDIA RTX PRO 4000 Blackwell,575.64.03,True,False,True,False
P1,FP8_PRIMARY,FP8,DECODE_PRIMARY,8,2,OK,True,,512,2048,449.97,0.1937,67968.0,279.18343257624656,341.5904882363975,17.555289478728234,17.64387417946131,17.514329636469483,19.085387454833835,36.21418305009138,36.219418281049,True,0.14124570868072583,0.20148765734837334,0.20908942291973187,0.0,0.0,0,15,0.0,0.0,8.0,0.0,0.0,100.0,22485.0,145.0,1978.81,13365.0,84.0,4.0,0.0,0.0,0.20908942291973187,0,33,True,36.2,4.56,0.1454,,,97888,165.24,32,74353,0,80,325.98,9.12,/home/sathvik/llm_quantization_threshold/checkpoints/llama31-8b-instruct-FP8_DYNAMIC,vLLM 0.19.1,c4-en-validation-shard0-v1,2681c604332813f2e893b252bc512efaac15316874d22352917492e5a40b130f,50.0,2026-08-23T19:21:07-0400,2026-08-23T19:26:33-0400,GPU-fdc11a18-6edb-7e2f-82b2-6bd0b9ed714d,NVIDIA RTX PRO 4000 Blackwell,575.64.03,True,False,True,False
P1,FP8_PRIMARY,FP8,DECODE_PRIMARY,12,2,OK,True,,512,2048,618.21,0.2598,105708.0,349.7642716392875,424.91323676658794,19.11644876449363,19.230919345177377,19.002683577127755,21.577523730229586,39.48192429402843,39.49088252411457,True,0.21775380088278568,0.2889651790093183,0.29230014713094654,0.0,0.0,0,17,0.0,0.0,12.0,0.0,0.0,100.0,22485.0,145.0,1947.72,13365.0,84.0,4.0,0.0,0.0,0.29230014713094654,0,36,True,39.9,4.63,0.2374,,,97888,184.78,48,114235,0,120,355.52,9.12,/home/sathvik/llm_quantization_threshold/checkpoints/llama31-8b-instruct-FP8_DYNAMIC,vLLM 0.19.1,c4-en-validation-shard0-v1,2681c604332813f2e893b252bc512efaac15316874d22352917492e5a40b130f,50.0,2026-08-23T19:26:35-0400,2026-08-23T19:32:31-0400,GPU-fdc11a18-6edb-7e2f-82b2-6bd0b9ed714d,NVIDIA RTX PRO 4000 Blackwell,575.64.03,True,False,True,False
P3,FP8_PRIMARY,FP8,DECODE_PRIMARY,24,2,OK,True,,512,2048,1000.01,0.4407,202889.0,467.50986436381936,580.2215394214727,23.43075359430124,23.554920970124904,23.094885516911745,27.948571427259594,48.419647017959505,48.55594859016128,True,0.42913192741539974,0.601765571358509,0.6164786660127514,0.0,0.0,0,20,0.0,0.0,23.71,0.0,0.0,100.0,22485.0,145.0,1886.19,13365.0,85.0,4.0,0.0,0.0,0.6164786660127514,0,39,True,49.3,4.42,0.3545,,,97888,217.84,96,217841,0,216,388.59,9.12,/home/sathvik/llm_quantization_threshold/checkpoints/llama31-8b-instruct-FP8_DYNAMIC,vLLM 0.19.1,c4-en-validation-shard0-v1,2681c604332813f2e893b252bc512efaac15316874d22352917492e5a40b130f,50.0,2026-08-23T19:32:31-0400,2026-08-23T19:38:59-0400,GPU-fdc11a18-6edb-7e2f-82b2-6bd0b9ed714d,NVIDIA RTX PRO 4000 Blackwell,575.64.03,True,False,True,False
P1,FP4_PRIMARY,FP4,DECODE_PRIMARY,1,2,OK,True,,512,2048,87.79,0.0333,9689.0,30.899941455572844,31.100153154693544,11.379474141424804,11.383602836735285,11.388300568796694,11.67849408229813,23.324814479448833,23.33311251010746,True,0.013892564170415456,0.019906059804181014,0.019978830378406975,0.0,0.0,0,11,0.0,0.0,1.0,0.0,0.0,100.0,22549.0,145.0,1892.92,13365.0,84.0,4.0,0.0,0.0,0.019978830378406975,0,28,True,23.3,5.16,0.0251,,,120944,120.16,4,10548,0,12,270.87,6.07,/home/sathvik/llm_quantization_threshold/checkpoints/llama31-8b-instruct-NVFP4,vLLM 0.19.1,c4-en-validation-shard0-v1,2681c604332813f2e893b252bc512efaac15316874d22352917492e5a40b130f,50.0,2026-08-23T19:39:27-0400,2026-08-23T19:43:58-0400,GPU-fdc11a18-6edb-7e2f-82b2-6bd0b9ed714d,NVIDIA RTX PRO 4000 Blackwell,575.64.03,True,False,True,False
P1,FP4_PRIMARY,FP4,DECODE_PRIMARY,8,2,OK,True,,512,2048,567.05,0.2536,63184.0,169.49852043762803,206.76560105057433,13.938561450695946,13.987385122903722,13.915278017520905,15.507189522031695,28.698815161013044,28.706914786726703,True,0.11120666843080179,0.16586398518126486,0.1693569727441122,0.0,0.0,0,11,0.0,0.0,8.0,0.0,0.0,99.5,22549.0,145.0,1890.5,13365.0,84.0,4.0,0.0,0.0,0.1693569727441122,0,29,True,28.8,4.38,0.1169,,,120944,126.18,32,71549,0,88,286.91,6.07,/home/sathvik/llm_quantization_threshold/checkpoints/llama31-8b-instruct-NVFP4,vLLM 0.19.1,c4-en-validation-shard0-v1,2681c604332813f2e893b252bc512efaac15316874d22352917492e5a40b130f,50.0,2026-08-23T19:44:00-0400,2026-08-23T19:48:47-0400,GPU-fdc11a18-6edb-7e2f-82b2-6bd0b9ed714d,NVIDIA RTX PRO 4000 Blackwell,575.64.03,True,False,True,False
P1,FP4_PRIMARY,FP4,DECODE_PRIMARY,12,2,OK,True,,512,2048,763.76,0.325,100404.0,214.70721950754523,257.8211323125288,15.455092435509775,15.516754801520003,15.38868760690093,17.96153117902577,31.846839881502092,31.89758017556742,True,0.18020640381053188,0.24689732733527386,0.2540354591161683,0.0,0.0,0,13,0.0,0.0,12.0,0.0,0.0,99.86,22549.0,145.0,1881.07,13365.0,84.0,4.0,0.0,0.0,0.2540354591161683,0,32,True,31.6,4.67,0.2228,,,120944,147.71,48,112814,0,132,318.46,6.07,/home/sathvik/llm_quantization_threshold/checkpoints/llama31-8b-instruct-NVFP4,vLLM 0.19.1,c4-en-validation-shard0-v1,2681c604332813f2e893b252bc512efaac15316874d22352917492e5a40b130f,50.0,2026-08-23T19:48:49-0400,2026-08-23T19:54:07-0400,GPU-fdc11a18-6edb-7e2f-82b2-6bd0b9ed714d,NVIDIA RTX PRO 4000 Blackwell,575.64.03,True,False,True,False
P3,FP4_PRIMARY,FP4,DECODE_PRIMARY,24,2,OK,True,,512,2048,1188.29,0.5431,194012.0,284.8605625331402,303.93918562913314,19.780499140257003,19.841937435998815,19.639473990537226,24.423066957388073,40.76738802390173,40.77849511266686,True,0.37470230219634826,0.48062979624239216,0.4851812648848902,0.0,0.0,0,16,0.0,0.0,24.0,0.0,0.0,100.0,22549.0,145.0,1852.18,13365.0,84.0,4.0,0.0,0.0,0.5048954749933845,0,37,True,41.7,4.24,0.2969,,,120944,176.78,96,210064,0,240,367.57,6.07,/home/sathvik/llm_quantization_threshold/checkpoints/llama31-8b-instruct-NVFP4,vLLM 0.19.1,c4-en-validation-shard0-v1,2681c604332813f2e893b252bc512efaac15316874d22352917492e5a40b130f,50.0,2026-08-23T19:54:07-0400,2026-08-23T20:00:15-0400,GPU-fdc11a18-6edb-7e2f-82b2-6bd0b9ed714d,NVIDIA RTX PRO 4000 Blackwell,575.64.03,True,False,True,False
P1,BF16_REFERENCE,BF16,DECODE_PRIMARY,1,2,OK,True,,512,2048,36.1,0.0147,9415.0,88.48262892570347,94.1863739863038,27.654733605278835,27.657628900239093,27.65439951326698,27.969552506692708,56.69767875550315,56.70933966374723,True,0.03724928366762181,0.055479942693409744,0.056590257879656214,0.0,0.0,0,26,0.0,0.0,1.0,0.0,0.0,100.0,22525.0,145.0,1766.15,13365.0,84.0,4.0,0.0,0.0,0.056590257879656214,0,46,True,56.7,4.79,0.0219,,,44688,271.94,4,9818,0,9,452.72,16.1,/home/sathvik/.cache/huggingface/hub/models--NousResearch--Meta-Llama-3.1-8B-Instruct/snapshots/d10aef7999a2b5ba950ab3974312feeedbfe0b77,vLLM 0.19.1,c4-en-validation-shard0-v1,2681c604332813f2e893b252bc512efaac15316874d22352917492e5a40b130f,50.0,2026-08-23T20:00:40-0400,2026-08-23T20:08:12-0400,GPU-fdc11a18-6edb-7e2f-82b2-6bd0b9ed714d,NVIDIA RTX PRO 4000 Blackwell,575.64.03,True,False,True,False
P1,BF16_REFERENCE,BF16,DECODE_PRIMARY,8,2,OK,True,,512,2048,268.38,0.1158,70040.0,476.562132476829,664.9167845142074,29.517283563003488,29.572700648371793,29.42564559634775,31.005642761010677,60.90151711110957,60.90259944783757,True,0.31232091690544417,0.43753581661891117,0.44412607449856734,0.0,0.0,0,26,0.0,0.0,8.0,0.0,0.0,100.0,22525.0,145.0,1957.56,13365.0,84.0,4.0,0.0,0.0,0.45558739255014324,0,49,True,60.9,4.54,0.0826,,,44688,276.43,32,74189,0,72,487.25,16.1,/home/sathvik/.cache/huggingface/hub/models--NousResearch--Meta-Llama-3.1-8B-Instruct/snapshots/d10aef7999a2b5ba950ab3974312feeedbfe0b77,vLLM 0.19.1,c4-en-validation-shard0-v1,2681c604332813f2e893b252bc512efaac15316874d22352917492e5a40b130f,50.0,2026-08-23T20:08:12-0400,2026-08-23T20:16:20-0400,GPU-fdc11a18-6edb-7e2f-82b2-6bd0b9ed714d,NVIDIA RTX PRO 4000 Blackwell,575.64.03,True,False,True,False
P1,BF16_REFERENCE,BF16,DECODE_PRIMARY,12,2,OK,True,,512,2048,381.31,0.1582,111024.0,604.346320964396,741.1023036809638,31.065607570047145,31.274027616191887,30.87367455009371,33.4432217059657,64.1985037359409,64.21139707891271,True,0.4469914040114613,0.6646848137535817,0.6876790830945558,0.0,0.0,0,29,0.0,0.0,12.0,0.0,0.0,100.0,22525.0,145.0,1893.23,13365.0,83.0,4.0,0.0,0.0,0.6876790830945558,0,52,True,63.1,4.81,0.2212,,,44688,303.47,48,115718,0,108,514.3,16.1,/home/sathvik/.cache/huggingface/hub/models--NousResearch--Meta-Llama-3.1-8B-Instruct/snapshots/d10aef7999a2b5ba950ab3974312feeedbfe0b77,vLLM 0.19.1,c4-en-validation-shard0-v1,2681c604332813f2e893b252bc512efaac15316874d22352917492e5a40b130f,50.0,2026-08-23T20:16:22-0400,2026-08-23T20:24:56-0400,GPU-fdc11a18-6edb-7e2f-82b2-6bd0b9ed714d,NVIDIA RTX PRO 4000 Blackwell,575.64.03,True,False,True,False
P1,FP4_PRIMARY,FP4,DECODE_PRIMARY,1,3,OK,True,,512,2048,87.81,0.0333,9692.0,30.890342080965638,30.936731316614896,11.377301220324856,11.379596068247201,11.382964556105435,11.682048009242862,23.320154415559955,23.32494321486447,True,0.013892564170415456,0.019906059804181014,0.019978830378406975,0.0,0.0,0,11,0.0,0.0,1.0,0.0,0.0,100.0,22549.0,145.0,1894.17,13365.0,84.0,4.0,0.0,0.0,0.019978830378406975,0,28,True,23.3,5.16,0.025,,,120944,120.17,4,10552,0,12,270.88,6.07,/home/sathvik/llm_quantization_threshold/checkpoints/llama31-8b-instruct-NVFP4,vLLM 0.19.1,c4-en-validation-shard0-v1,2681c604332813f2e893b252bc512efaac15316874d22352917492e5a40b130f,50.0,2026-08-23T20:25:24-0400,2026-08-23T20:29:55-0400,GPU-fdc11a18-6edb-7e2f-82b2-6bd0b9ed714d,NVIDIA RTX PRO 4000 Blackwell,575.64.03,True,False,True,False
P1,FP4_PRIMARY,FP4,DECODE_PRIMARY,8,3,OK,True,,512,2048,567.06,0.2536,63184.0,169.3935280200094,206.77245541010052,13.93468827352703,13.983793085751282,13.905671425163746,15.497886517550796,28.691414142027497,28.69750917374622,True,0.11114051336332365,0.16586398518126486,0.1693569727441122,0.0,0.0,0,11,0.0,0.0,8.0,0.0,0.0,99.5,22549.0,145.0,1890.42,13365.0,84.0,4.0,0.0,0.0,0.1693569727441122,0,29,True,28.8,4.39,0.1146,,,120944,126.18,32,71553,0,88,286.92,6.07,/home/sathvik/llm_quantization_threshold/checkpoints/llama31-8b-instruct-NVFP4,vLLM 0.19.1,c4-en-validation-shard0-v1,2681c604332813f2e893b252bc512efaac15316874d22352917492e5a40b130f,50.0,2026-08-23T20:29:55-0400,2026-08-23T20:34:42-0400,GPU-fdc11a18-6edb-7e2f-82b2-6bd0b9ed714d,NVIDIA RTX PRO 4000 Blackwell,575.64.03,True,False,True,False
P1,FP4_PRIMARY,FP4,DECODE_PRIMARY,12,3,OK,True,,512,2048,763.6,0.3249,100380.0,215.0300060166046,258.2756024436094,15.45327175094673,15.51148773238798,15.382746583782136,17.96779956202954,31.830624162917957,31.898772753367666,True,0.18020640381053188,0.24741333686160363,0.2540354591161683,0.0,0.0,0,13,0.0,0.0,12.0,0.0,0.0,99.86,22549.0,145.0,1881.5,13365.0,84.0,4.0,0.0,0.0,0.2540354591161683,0,32,True,31.6,4.67,0.2216,,,120944,147.72,48,112798,0,132,318.47,6.07,/home/sathvik/llm_quantization_threshold/checkpoints/llama31-8b-instruct-NVFP4,vLLM 0.19.1,c4-en-validation-shard0-v1,2681c604332813f2e893b252bc512efaac15316874d22352917492e5a40b130f,50.0,2026-08-23T20:34:44-0400,2026-08-23T20:40:02-0400,GPU-fdc11a18-6edb-7e2f-82b2-6bd0b9ed714d,NVIDIA RTX PRO 4000 Blackwell,575.64.03,True,False,True,False
P3,FP4_PRIMARY,FP4,DECODE_PRIMARY,24,3,OK,True,,512,2048,1187.73,0.543,193941.0,276.75149752758443,301.7079689889215,19.78779217827943,19.83622538006483,19.63439234532416,24.43361907498911,40.78063007746823,40.7891751016723,True,0.37470230219634826,0.4806562582693834,0.4853135750198465,0.0,0.0,0,16,0.0,0.0,24.0,0.0,0.0,100.0,22549.0,145.0,1850.94,13365.0,84.0,4.0,0.0,0.0,0.5048954749933845,0,37,True,41.7,4.24,0.2969,,,120944,176.78,96,209973,0,240,367.57,6.07,/home/sathvik/llm_quantization_threshold/checkpoints/llama31-8b-instruct-NVFP4,vLLM 0.19.1,c4-en-validation-shard0-v1,2681c604332813f2e893b252bc512efaac15316874d22352917492e5a40b130f,50.0,2026-08-23T20:40:02-0400,2026-08-23T20:46:10-0400,GPU-fdc11a18-6edb-7e2f-82b2-6bd0b9ed714d,NVIDIA RTX PRO 4000 Blackwell,575.64.03,True,False,True,False
P1,BF16_REFERENCE,BF16,DECODE_PRIMARY,1,3,OK,True,,512,2048,36.05,0.0147,9396.0,88.35467253811657,88.50268995156512,27.693801944753275,27.71575618363529,27.698420104570687,28.004667395725846,56.77758807397913,56.82258641619701,True,0.03689111747851004,0.05501432664756447,0.055873925501432664,0.0,0.0,0,26,0.0,0.0,1.0,0.0,0.0,100.0,22525.0,145.0,1762.67,13365.0,84.0,4.0,0.0,0.0,0.055873925501432664,0,46,True,56.8,4.8,0.0248,,,44688,272.44,4,9822,0,9,453.22,16.1,/home/sathvik/.cache/huggingface/hub/models--NousResearch--Meta-Llama-3.1-8B-Instruct/snapshots/d10aef7999a2b5ba950ab3974312feeedbfe0b77,vLLM 0.19.1,c4-en-validation-shard0-v1,2681c604332813f2e893b252bc512efaac15316874d22352917492e5a40b130f,50.0,2026-08-23T20:46:34-0400,2026-08-23T20:54:08-0400,GPU-fdc11a18-6edb-7e2f-82b2-6bd0b9ed714d,NVIDIA RTX PRO 4000 Blackwell,575.64.03,True,False,True,False
P1,BF16_REFERENCE,BF16,DECODE_PRIMARY,8,3,OK,True,,512,2048,268.24,0.1157,70088.0,475.68303160369396,663.850572577212,29.495896687778917,29.553475517972497,29.402685933746397,30.984870286192745,60.85201622301247,60.86258304185467,True,0.31232091690544417,0.4392908309455587,0.44412607449856734,0.0,0.0,0,26,0.0,0.0,8.0,0.0,0.0,100.0,22525.0,145.0,1956.19,13365.0,84.0,4.0,0.0,0.0,0.45558739255014324,0,49,True,60.8,4.54,0.0816,,,44688,276.47,32,74161,0,72,487.29,16.1,/home/sathvik/.cache/huggingface/hub/models--NousResearch--Meta-Llama-3.1-8B-Instruct/snapshots/d10aef7999a2b5ba950ab3974312feeedbfe0b77,vLLM 0.19.1,c4-en-validation-shard0-v1,2681c604332813f2e893b252bc512efaac15316874d22352917492e5a40b130f,50.0,2026-08-23T20:54:08-0400,2026-08-23T21:02:15-0400,GPU-fdc11a18-6edb-7e2f-82b2-6bd0b9ed714d,NVIDIA RTX PRO 4000 Blackwell,575.64.03,True,False,True,False
P1,BF16_REFERENCE,BF16,DECODE_PRIMARY,12,3,OK,True,,512,2048,381.21,0.1582,111000.0,605.9732346329838,742.7090755896643,31.058397125823554,31.265092015424067,30.87572264485061,33.4378209663555,64.19335708068684,64.2532564486377,True,0.4469914040114613,0.6646848137535817,0.6876790830945558,0.0,0.0,0,29,0.0,0.0,12.0,0.0,0.0,100.0,22525.0,145.0,1889.53,13365.0,84.0,4.0,0.0,0.0,0.6876790830945558,0,52,True,63.1,4.81,0.2214,,,44688,303.49,48,115694,0,108,514.33,16.1,/home/sathvik/.cache/huggingface/hub/models--NousResearch--Meta-Llama-3.1-8B-Instruct/snapshots/d10aef7999a2b5ba950ab3974312feeedbfe0b77,vLLM 0.19.1,c4-en-validation-shard0-v1,2681c604332813f2e893b252bc512efaac15316874d22352917492e5a40b130f,50.0,2026-08-23T21:02:17-0400,2026-08-23T21:10:51-0400,GPU-fdc11a18-6edb-7e2f-82b2-6bd0b9ed714d,NVIDIA RTX PRO 4000 Blackwell,575.64.03,True,False,True,False
P1,FP8_PRIMARY,FP8,DECODE_PRIMARY,1,3,OK,True,,512,2048,66.0,0.0287,7954.0,51.97804456111044,52.103595272637904,15.118044762327106,15.11891408177715,15.116144437342882,15.437344368547201,30.998615673044696,31.000520720670465,True,0.015040052313225472,0.02259277423573649,0.02288703612882137,0.0,0.0,0,12,0.0,0.0,1.0,0.0,0.0,100.0,22485.0,145.0,2055.23,13365.0,84.0,4.0,0.0,0.0,0.02582965505966972,0,31,True,31.0,4.49,0.0152,,,97888,139.21,4,9188,0,11,309.96,9.12,/home/sathvik/llm_quantization_threshold/checkpoints/llama31-8b-instruct-FP8_DYNAMIC,vLLM 0.19.1,c4-en-validation-shard0-v1,2681c604332813f2e893b252bc512efaac15316874d22352917492e5a40b130f,50.0,2026-08-23T21:11:19-0400,2026-08-23T21:16:29-0400,GPU-fdc11a18-6edb-7e2f-82b2-6bd0b9ed714d,NVIDIA RTX PRO 4000 Blackwell,575.64.03,True,False,True,False
P1,FP8_PRIMARY,FP8,DECODE_PRIMARY,8,3,OK,True,,512,2048,450.05,0.1936,67936.0,279.36987357679754,341.93104882724583,17.559843877868197,17.647387667914646,17.51422043889761,19.090563093777746,36.22116141195875,36.23114417882171,True,0.1408370116069969,0.20107896027464445,0.20794507111329086,0.0,0.0,0,15,0.0,0.0,8.0,0.0,0.0,100.0,22485.0,145.0,1972.19,13365.0,84.0,4.0,0.0,0.0,0.20794507111329086,0,33,True,36.2,4.57,0.1467,,,97888,165.26,32,74373,0,80,325.99,9.12,/home/sathvik/llm_quantization_threshold/checkpoints/llama31-8b-instruct-FP8_DYNAMIC,vLLM 0.19.1,c4-en-validation-shard0-v1,2681c604332813f2e893b252bc512efaac15316874d22352917492e5a40b130f,50.0,2026-08-23T21:16:31-0400,2026-08-23T21:21:57-0400,GPU-fdc11a18-6edb-7e2f-82b2-6bd0b9ed714d,NVIDIA RTX PRO 4000 Blackwell,575.64.03,True,False,True,False
P1,FP8_PRIMARY,FP8,DECODE_PRIMARY,12,3,OK,True,,512,2048,618.13,0.2598,105672.0,350.0284939073026,425.48836120404303,19.115717799228065,19.23227615575531,19.00161348748952,21.566637617070228,39.48020333668683,39.50007087992272,True,0.21775380088278568,0.28758378290011444,0.2905018800065392,0.0,0.0,0,17,0.0,0.0,12.0,0.0,0.0,100.0,22485.0,145.0,1946.83,13365.0,84.0,4.0,0.0,0.0,0.2905018800065392,0,36,True,39.9,4.63,0.2416,,,97888,184.79,48,114223,0,120,355.55,9.12,/home/sathvik/llm_quantization_threshold/checkpoints/llama31-8b-instruct-FP8_DYNAMIC,vLLM 0.19.1,c4-en-validation-shard0-v1,2681c604332813f2e893b252bc512efaac15316874d22352917492e5a40b130f,50.0,2026-08-23T21:21:59-0400,2026-08-23T21:27:55-0400,GPU-fdc11a18-6edb-7e2f-82b2-6bd0b9ed714d,NVIDIA RTX PRO 4000 Blackwell,575.64.03,True,False,True,False
P3,FP8_PRIMARY,FP8,DECODE_PRIMARY,24,3,OK,True,,512,2048,999.9,0.4407,202745.0,468.0454609915614,580.850122962147,23.446694661717103,23.566979567022585,23.15383602399379,27.95998853398487,48.45473717653658,48.5723261142266,True,0.42815105443845025,0.6007846983815596,0.6159882295242767,0.0,0.0,0,20,0.0,0.0,23.71,0.0,0.0,100.0,22485.0,145.0,1890.48,13365.0,84.0,4.0,0.0,0.0,0.6159882295242767,0,39,True,49.4,4.41,0.3575,,,97888,217.84,96,217817,0,216,388.61,9.12,/home/sathvik/llm_quantization_threshold/checkpoints/llama31-8b-instruct-FP8_DYNAMIC,vLLM 0.19.1,c4-en-validation-shard0-v1,2681c604332813f2e893b252bc512efaac15316874d22352917492e5a40b130f,50.0,2026-08-23T21:27:55-0400,2026-08-23T21:34:23-0400,GPU-fdc11a18-6edb-7e2f-82b2-6bd0b9ed714d,NVIDIA RTX PRO 4000 Blackwell,575.64.03,True,False,True,False
